SOURCE_ID,ra,dec,parallax,phot_g_mean_mag
1576683529448755328,193.50817846782095,55.959784778923755,,1.731607
6560604777055249536,332.05907779469464,-46.96161734131188,,1.7732803
1510374147844219904,206.8843267438112,49.313201807217496,,1.881019
3377166289889430656,95.74037353106223,22.51309871600816,,1.8813683
418551920284673408,10.12724197930297,56.53718879378639,14.090976249252234,1.9425238
4677205714465503104,69.1893185844083,-62.07749050901024,,1.9587749
6026152137856166912,252.53759018899078,-34.294371751412214,,1.9910356
4357027756659697664,243.58621066034064,-3.694967708333353,20.411292350652413,2.0164251
426558460884582016,14.177450998208093,60.71672280471204,,2.0645833
3011968416163350272,86.93912852502406,-9.669607137549677,,2.0778263
5589311357728452608,109.28559423278779,-37.097444485279574,5.762063161817684,2.0832374
4993479684438433792,6.57215550145885,-42.30782032569077,39.91825815729799,2.0899775
4493746564376875520,263.7341968642716,12.559009843277153,,2.1082857
142853330981747328,46.29487462677558,38.83980896875264,,2.111629
2067518817314952576,305.55710787667306,40.2566736114266,,2.1137252
4038055447778237312,274.4060904518451,-36.76242931758906,23.885852068095137,2.1164951
1279798794197267072,221.24648617076684,27.074315757773466,13.82667260913517,2.1833525
160886283751041408,74.24843702624405,33.16601472318802,7.249065034494049,2.1975422
1869302503206674304,311.5547590119282,33.9717003123585,,2.2109652
5300300156538723328,139.2723686431627,-59.27517582046192,,2.213786
4302054339959905920,296.56498571046956,10.613252703828636,5.589928355256642,2.223692
6127791439360208640,190.3779930225551,-48.95978360109781,,2.2270558
423018377034969216,2.2990654282325518,59.14897576410493,,2.232691
3220756843825383936,83.00165624929525,-0.2990788925812489,,2.2487726
5534788672055388032,120.89585713760054,-40.00307350941095,,2.2542944
3377072212924335488,93.71906923878569,22.50675368193066,,2.2620378
1222646935698492160,233.67254376294218,26.714295174747274,42.24080076261629,2.2693703
5111187420714898304,59.507642022011794,-13.509012610930261,17.00162879163835,2.2707934
1563590579347125632,200.98237336533253,54.92525907860076,40.213284471127004,2.282647
4049506483413484672,275.24868220695066,-29.82822386700995,7.846769491115783,2.296982
6227443304915069056,226.0172005141403,-25.2821590562471,12.538654525627177,2.3034124
804753180515722624,155.58176101601168,41.49966386040507,17.798718499448466,2.32451
5905821894507108864,220.4821588727846,-47.388273117597144,,2.3246517
4429785739602747392,236.0675744297602,6.4258326669088035,43.94497411580315,2.3253543
2106630885454013184,283.83388403904866,43.946451132674866,10.440410406499382,2.3616831
5922444483103229952,261.3248860596135,-55.529996917051356,4.560053792219337,2.3912818
6407842789021567872,334.62477862508103,-60.25977542657531,17.732356212677455,2.396663
856096765753549056,165.46097417209683,56.38257749355825,38.60307997876443,2.3985364
3704342295607157120,193.89877797423057,3.3972301950318524,17.4064804454874,2.4037774
5961206940987571200,265.62193838278046,-39.03009162628322,,2.4227042
2193192137376175488,319.64633694354825,62.58579604829105,,2.428267
792588939773693568,178.45836676657404,53.694797326318046,,2.4362755
4473334474604992384,265.86794661822,4.568012245771951,39.22844495769126,2.4423249
3501215734352781440,188.59681758232725,-23.397012233844624,22.00492733579523,2.448283
5605797194566011520,111.0237381697198,-29.303082980151718,,2.4504085
2202630001603369856,325.87694430713873,58.78002783444686,0.11902358415373226,2.450726
4629125170492116224,56.810583950214635,-74.23845269276111,15.07934675483247,2.4740036
5310393535853560576,140.52832321650078,-55.01061135363584,,2.487886
702343774145932544,140.2625728404832,34.39263287351821,14.704195701416294,2.488654
1625209684868707328,245.9977069286059,61.514463511632556,35.71632757836309,2.494415
2816504901198512768,346.19050678740496,15.205082982106333,,2.5036576
6126469654585981952,182.08939329942342,-50.72248107334658,5.7179329578318505,2.508257
5917537534527580160,254.65491303478962,-55.99029939641002,5.772484443283007,2.5107856
5361403934691772160,161.6928645043898,-49.420476913951866,29.050584144755422,2.5133939
4076915349846977664,276.99244340050245,-25.422523033637848,42.91983428306095,2.5435061
5306951892646516992,142.80522590576416,-57.03435042166543,14.623396609093676,2.5465453
1297565458994346240,247.55452931903397,21.48954466071868,22.002254438170677,2.547638
1415230383034813824,262.6080575941285,52.301443329615346,8.919816494942994,2.5482864
2971266110612490624,83.18258484252563,-17.822282254766677,1.6817195427885396,2.5535128
6247207266946218112,241.35926902767926,-19.80555058042707,,2.5550153
4337352305320149760,249.28979755823173,-10.566976077121021,7.408845727983025,2.5565956
1244946371540479616,208.67086285879768,18.39612273503526,,2.5583582
3990320597065899776,168.52777245409249,20.523137041266512,,2.5716317
6170243926896213120,207.36109585015143,-34.451040500017236,,2.5794034
5099455184968674560,49.87942190770887,-21.75771998267506,10.615268776173938,2.5895581
5502164890740285696,102.48426657164553,-50.61484787877496,18.757713279082175,2.6184993
3736865265441207424,195.54291476874843,10.95923674149768,30.210957333166505,2.619051
2968097043228517120,82.06131804802973,-20.759815662845018,20.869734045876413,2.627176
3490234568129160704,182.53082136956726,-22.619722010989726,10.598376382247242,2.6297014
6319542659461082752,229.25128229268978,-9.383003328572958,,2.6346583
5512070906394195968,112.30725962073404,-43.300592607109294,17.023374330493326,2.6405158
3384529341302871296,100.98300597068413,25.131074836391473,3.747653899374491,2.6483977
447071293401293056,46.19914439438418,53.50642323794812,14.125159961030231,2.651
2026116260337482112,292.6803397469523,27.959624176962155,8.981563552668588,2.651682
2900546759663847168,84.91226376039107,-34.07421247244894,11.400786448797566,2.6532035
2962546605447869184,76.36538394458108,-22.371367602513757,15.599908298075055,2.6534927
779106556394253824,167.41547770774767,44.4983642995888,23.227226550456237,2.68003
510204838759030144,21.45661245731054,60.235067611380984,32.02972419177956,2.6805298
4683897617110115200,6.482504988433097,-77.25279546754571,133.71940556671353,2.6807318
5908509891197204480,224.63280437033956,-43.13413617160934,,2.6952581
5855593454594292736,189.29540488035568,-69.1356236855019,,2.6997497
1339952869195300608,258.7616572468772,36.809174548038804,8.899064345249363,2.7025177
5859405805013401984,184.39008382548533,-67.96085330413052,9.991496143923554,2.7034264
2671038928727970944,322.8898027828743,-5.571211107815946,5.972785301344111,2.7120852
1312665361415345920,250.31919789825196,31.604583878359982,,2.7169063
6309703507861332736,222.7191482591402,-16.042081011481653,,2.7223556
1381119031215320576,247.16079375745315,41.881650687920455,8.486623721850398,2.7236698
4049975081571729920,271.45176593069976,-30.424938157908525,32.26965661295192,2.7243106
1887953690728237568,340.7506395031158,30.221130397877182,16.630835440035625,2.7250793
2680356911816018048,331.44606406642515,-0.31989739999996836,4.94514532586508,2.727835
5239828735016184448,160.7389810431919,-64.39440583205966,7.6371045121724,2.7347076
3557567320183657472,162.40663105834716,-16.19275976302023,23.794020354103314,2.7356641
3017190546641718144,83.85826322361507,-5.909896048091421,1.9968658285610956,2.7408419
5698015743046182272,121.8856299797689,-24.304115553778075,51.39988628348321,2.7505891
4935615308047192576,22.091261274313453,-43.31915413670581,13.361166787925637,2.7603414
5610441600394646016,105.42975475577698,-27.934808608833123,2.508532778196012,2.7605493
1312665361414730624,250.31915796740566,31.604519240231134,,2.7632272
4136366183978856960,257.5946814508237,-15.72447861063109,,2.7693226
6071060144089351808,183.7860104400386,-58.748974282250245,7.168087771989562,2.7730124
6194563955869054848,199.7307355656656,-23.171710892760082,25.52860508281361,2.776534
3211922645854328832,76.9620005509911,-5.086810304091459,36.24560427650994,2.7777147
6165699748417797504,200.1473375344814,-36.712670004585064,,2.7811801
641662895638787584,146.46258258682883,23.7742057827888,14.33944287393727,2.7839565
5826168461855385472,238.7838064740902,-63.43251144584002,80.48541193436336,2.784391
6044420729667868928,248.97058883392532,-28.216118043025787,,2.8028276
4082115215112774272,287.440967928891,-21.02377872569698,6.241001258151316,2.803014
2887731882922767744,87.74026611929386,-35.76651139745324,36.90381517096654,2.8041787
4713424658275847168,29.694939353364006,-61.56973866594546,,2.8074205
2255173119658513408,288.13986191145926,67.66194921202765,33.34994526763806,2.8079169
168726523212358272,58.53304404662457,31.88359461391294,3.855550617532855,2.8219895
6838311796136238976,326.76139246141946,-16.128607188133948,85.94055985093036,2.836813
1824534959611831680,296.84697410021977,18.53431498544213,5.967380825829624,2.8368227
6875990375999580544,305.2529803545091,-14.781406001156812,8.396575006308046,2.8368742
205499655242974464,75.49223197537926,43.823296688371194,0.9878818319946335,2.847648
6674382927491854848,309.3921343889334,-47.2912080024033,32.898854474949125,2.8521497
2769202742740232960,3.3089703843753013,15.183550741446307,6.947422027434692,2.8534293
3143264535611892096,111.78744022702931,8.289146534444166,,2.856039
1823067317695766784,299.6895907690142,19.4922471120651,11.337545204585858,2.8593628
2610370969483589888,343.1537089468947,-7.579451402482835,8.936000082367386,2.8595295
4039970797062166400,267.4647360322948,-37.0432231563698,24.73401438925934,2.860071
5958043164999014400,266.8961644868148,-40.127021345862346,1.4177487203133474,2.8666828
2199493438511811712,332.7137697826255,58.20128527773775,3.2971978923053005,2.8701382
583588100209595776,133.84799100696154,5.9456285938922715,21.313272879490093,2.8702028
5253347574087339776,154.27049434677835,-61.3322788093693,4.304645225574549,2.8710227
2858629802998456576,9.832595312681915,30.86050281776377,31.573488734557774,2.8720777
6235406071207202688,239.71290472790042,-26.114226866466353,9.673294610301134,2.8735147
5538814190283894656,116.31367447237092,-37.96856044058731,2.9459649267338475,2.875049
5949437149987478016,262.9601503332293,-49.87644249970017,,2.8780158
4444057469252265984,254.41575470820635,9.374984808370574,37.112505074250734,2.8820894
5823248090239625088,229.72661750917953,-68.67968528286241,17.18088396465165,2.882312
66714384142368256,56.87125084725649,24.10493447522506,,2.896132
229898024422755840,59.463595170524904,40.0100950978535,5.331620151096612,2.904279
1517698716348324992,194.0056156711975,38.31862104268021,32.722737796620656,2.9043932
3402918982515591168,84.41119325636477,21.14245103416954,,2.9119813
2079784488001577600,296.2439176177008,45.13102484391075,21.14741161121059,2.9163165
6048602103663486592,245.29708594323918,-25.59288089269204,,2.920874
2093931938472201600,283.62614120001314,36.89862858866195,4.235186837675473,2.922179
892348694913501952,113.64979381874497,31.88850351976742,,2.9247973
5249119024128109952,146.77535748906328,-65.07197322907481,3.7373040047368864,2.9269278
2281778105594488192,354.83578083298244,77.63312481414683,72.51669209892496,2.9429574
6270558110774003968,211.59312413128,-26.682988025787974,30.8889116729351,2.948431
3520586071217872896,187.46509027380262,-16.51605134463174,38.05998179765627,2.9649055
6007749027577770496,230.4510369940133,-36.261754340239875,11.661557593684153,2.965608
6762701233364896000,286.734746992432,-27.67154143141872,28.319548249048147,2.9668314
1614731957531452544,231.23232031030997,58.966142735645974,32.52388531619131,2.9729202
4356298849169862784,244.58075014832895,-4.692331985478922,30.513634597436656,2.977211
6520955322608285824,337.43921411918564,-43.74920644105509,9.155560774760122,2.9805827
1851924859353116928,318.2340887866534,30.226696772221253,21.81303235858556,2.9821486
248577867988535296,55.731412103792316,47.78739289427855,6.243474592998773,2.9823132
4269932382607207040,275.32505935876196,-2.9019428805540897,52.44130794438597,2.9904501
3098404220680931968,124.1286317978316,9.185323935788704,10.102592897316667,3.0001826
4314399312979641728,286.3525049765623,13.863053278714878,38.23294898965933,3.001118
2896572746685604480,95.07833734068376,-30.06334878363528,9.49220621127137,3.0076509
329384516560293248,32.38675355041934,34.98711988193324,,3.0077727
6586825380598949632,328.4827688631597,-37.36494848913747,17.808001236182314,3.0138354
757565233820538752,169.61959969105789,33.0944300347131,7.982310491470233,3.0204449
1696877570753454208,230.1818712785812,71.83410165777194,6.595867221744522,3.0218675
1487434040320076800,218.01881769228896,38.30892269460632,37.91254655500852,3.022188
5614471482318442240,117.32353878305732,-24.859795343600315,3.0058993777046874,3.0238004
2921635736292220800,105.75612410219094,-23.833277071923618,0.8714895713272475,3.0407002
5786929090848333568,211.33111350491527,-76.79690699917452,8.380805497629552,3.0503223
2162316545207257600,316.2328118253326,43.9278571769806,2.836313901245389,3.0638983
5971289565647972608,252.96755916146594,-38.047480863426145,1.873246274472837,3.069865
1018776176872261248,143.20753978122536,51.67490604097004,73.82839808283359,3.0717425
4164319171172759040,269.75659946779956,-9.77415085090108,22.903060175843585,3.0769866
3288921720025503360,72.46212402119102,6.9613310085374644,124.61980141424488,3.0879216
196944217825405184,89.98371736337808,45.936700316237285,4.515407302318046,3.0882971
1061909811871141504,172.85040436553678,69.33099194674183,8.645797394390561,3.1029344
6058271964884299520,185.33849318733613,-60.40074016126815,14.199861521996095,3.1038253
5926920079553285760,252.44682140759986,-59.04149532374984,10.699331962178958,3.1050086
5908713025970995584,224.79023735305813,-42.10429832458499,,3.1182818
1014058103758571520,134.7989643318015,48.040871471105525,68.00099930164292,3.120973
4676528209144882304,63.60655843373849,-62.473612611773696,20.34313182746785,3.1259058
5333974693006467328,173.94499364430385,-63.01986715208006,8.276956632943902,3.1292858
4573412435280434560,258.7578570009893,24.83850638924531,42.48084539964649,3.130809
2470140321630664064,17.148438895614227,-10.182882334720631,27.060320608827386,3.1326482
3400796031719045632,83.05313628063799,18.59421655157538,1.5207023448393597,3.1337926
6444391655040244992,300.4366214992657,-59.37600436673482,5.910175014550325,3.137527
6210176643031265920,234.25595511298545,-28.135058413293958,15.526662420405081,3.1413295
454491381981202944,42.67433778950114,55.89543428763181,3.265744722465881,3.1448548
5964991494281655808,253.64509209283676,-42.36233289362051,24.23533101426504,3.1452072
1041808368494264576,127.56491125025244,60.71768972076183,17.933453100456937,3.1493552
6195030801635544704,202.42798835570676,-23.28126748094725,6.735509777640576,3.1524858
1632499034644723968,257.1964366984523,65.7147909130057,7.8274239118414135,3.1570117
4072953671943400832,281.4143730195719,-26.990782424354233,,3.1594217
200929706966014976,75.6195856403002,41.075746103013174,1.4243804312657276,3.1632786
1284537517514584704,217.95693766582724,30.371969326102114,19.854976065680784,3.164287
5849837854861497856,220.62472315663254,-64.97617739215704,60.99295526213351,3.1673613
1621259036510505344,224.3950073429196,65.9325976765071,9.85144476370445,3.1697965
201261278441958656,76.62890153390961,41.23417207468237,14.020760617529195,3.1723478
5557271829408912896,99.4402993342767,-43.19595283798712,8.819388529207934,3.1752331
2195115561168483712,311.32320634108095,61.84241929401267,69.597553957676,3.1779127
5888394463447019392,228.07041450548323,-52.099569942966866,28.761642265080166,3.1800218
4084834822776246272,284.43266047869355,-21.106717827235787,8.40922893943697,3.1887186
2272185759996420992,322.16505269614026,70.56071944518608,,3.19459
5478862906452936960,102.04705816391404,-61.94011613537328,,3.203374
399402894487590144,24.498581855369736,48.62771419048821,18.548940022155016,3.2095633
1278391075717325312,228.87612720122996,33.31433528392251,27.074645953253125,3.2112799
4942522955488925696,28.41082402017747,-46.30305481100173,9.749879129317257,3.213741
6005678131793146752,230.34292059535883,-40.64760760160889,6.729571945649031,3.2144635
6750856228950043264,300.6646666593532,-27.70978078962147,7.267748469925214,3.220193
2211820991085587584,342.41934656416254,66.19984964631519,27.286898448831035,3.222498
2429978803998630400,4.856910935281447,-8.824082129756166,11.699612841220237,3.226718
3561350430457837056,169.83463212005861,-14.777619467275395,17.017002054524486,3.2277887
5044368071870093312,44.56501351690538,-40.30457515963677,19.904727809253604,3.2283852
5965222838410499328,258.03844060290766,-43.240469434978955,44.57114676930468,3.2345328
4594497769766809216,266.6132135058437,27.717275040505413,119.92480848370072,3.2384055
1352588216303348608,250.7242233003289,38.92187538840611,29.259479569758373,3.2446299
1296713990316692096,225.4862720556191,40.39043449121325,13.878018045623234,3.244982
3352485999058854912,101.32182967483567,12.89474308933157,54.189438370902394,3.2463484
5253796346624992128,158.00593262490582,-61.68528632440866,6.443814896756056,3.247181
2043823929421342848,284.73591160914657,32.68956324554115,4.965623359553961,3.2489738
6760703042771435136,285.6527528347263,-29.880143328013595,,3.2493346
4224225924761329792,302.82635270631516,-0.8214431669930159,14.26869844083396,3.249787
6000130236649730432,230.670171036926,-44.68972319549894,,3.249896
5843518239925459456,195.57143877146018,-71.5489615462354,37.38863264139122,3.25495
583151353574583552,131.69296636203666,6.418581627264177,,3.2565942
4110730486352950144,260.50240450676586,-24.999636431200326,,3.259318
3748360796947806208,156.52201077113986,-16.836644983402508,13.370995858159528,3.2667334
488354175450563968,57.380326534704494,65.52591009149197,3.32880597098895,3.267435
2404579570000684544,343.6623683129667,-15.820936714471294,23.145107751295345,3.2723644
1876510592179455744,342.50151443616926,24.60139285847616,28.933976055518585,3.2745838
5164120762333028736,55.811663307520355,-9.760083664068041,110.02539078597692,3.2755666
2921973698674974592,103.53311608405266,-24.18419290193152,1.286929178005339,3.2783384
5909069886210174080,266.43317253375255,-64.72412275277095,8.865301790583683,3.2796018
4289041379340453376,291.37571419357977,3.115149121732988,,3.2803674
48026706558487040,67.15467370962931,19.180273317307044,22.36535445562801,3.2804532
2082600852679281408,303.40796229720166,46.74133773743381,2.916701118242992,3.2822554
5136659462996725888,30.001923185332597,-21.07793985367682,10.272551125995138,3.2832906
2983168461421919488,78.23312712426376,-16.205534685823757,19.177506188965044,3.2917867
3478394889483944320,173.24937918580787,-31.85780756798889,24.96322194613156,3.2924726
2442861747380543104,0.4902909138850841,-6.0142504274104995,7.875848526808842,3.2927852
2452378776434477184,26.009055057160104,-15.933680200693857,273.80974511859966,3.3003998
5242895960110588160,153.43377667824367,-70.0378747806419,8.297806024095525,3.3005145
5922299347569528832,261.3485553800659,-56.377786406266836,3.9387250754255283,3.3046894
299464296907113984,28.27050196220287,29.577783036034866,,3.3050761
2977433305691613440,70.1105804891658,-19.67190790965568,7.5228635453161505,3.308113
1575287046603605888,183.85734834773095,57.03265316489124,40.32790069695137,3.3111024
2084154943646648320,303.8680187380917,47.71421578458536,3.2558384788946304,3.3171265
6351709524967494528,335.0085033956125,-80.43993881612172,11.121963173952466,3.318115
2478112158887431296,21.00550474116343,-8.184156538900368,29.033881106238844,3.3185785
425040000962559616,12.285227381524425,57.81272812559009,168.83216034019418,3.3200667
3897724469419137664,176.4647373314568,6.528561818446899,9.84462371253032,3.3209586
6456322112116572160,313.70266376090893,-58.45425431237613,5.6425572191622555,3.3229845
6880093650314169984,304.5138436900398,-12.544841401195866,29.913986848375306,3.3274162
2386316510063903616,347.3619049466781,-21.17228097694938,12.671005018912476,3.327974
786420645182229504,176.51164393918745,47.779531623706106,16.438163304328924,3.3287191
867815979158660352,116.11171060337323,24.39777124966751,22.090679593280267,3.3391395
3970052886914547712,168.55974451077685,15.42922142120597,20.31598800388607,3.339625
4679407039823519232,60.22421880153906,-62.15912698096752,7.0246822459750184,3.346067
725422076533653504,154.17266567485967,23.417280264419933,14.03767909082779,3.3467774
1197588859547184640,237.18465990742192,18.141171933429998,8.523070485044334,3.348804
2603370653827638656,342.3978595434945,-13.592800139917461,10.017146428389767,3.350818
511974502720839040,28.599188504594277,63.670018347664225,7.003721351367755,3.3546658
3765867289804696960,152.6460490698812,-12.35445717977387,,3.3550055
5773473920382493440,221.96534284573215,-79.04482599328387,6.550918437846783,3.3622816
6427464123776727168,302.19503988923026,-66.18709128441725,163.9544145383167,3.3641381
5778842011026728704,245.08645354299293,-78.69591351848779,5.250752722687099,3.3667247
699870869414974336,137.66159865872208,30.96298610131605,6.649020218077174,3.36875
3662636823132300032,203.67206658148982,-0.5956181019830046,43.74674588145839,3.3738446
3312744219988782720,67.16608051054888,15.870784455320392,21.81251596251546,3.3779078
6112195451032545024,207.37599656289228,-41.68780286870546,8.047561685737936,3.3789372
11166438229308672,51.20302758439933,9.028538893521931,15.078813297551084,3.3823738
2591891443195067264,22.870999185961374,15.34581754691887,8.733507455452296,3.3828592
1421593566062037120,268.38296843103956,56.87299266128546,29.06031538624813,3.3842714
872128538640246144,113.98046139731666,26.89527337662016,12.876056855002979,3.3864715
2266693630693936512,275.2720330521275,72.73127780355625,,3.3877175
3683687763520080256,190.41238427870687,-1.4496878251279033,,3.3912315
5537302945910490240,118.05423048621645,-40.575748984529646,8.983792700869946,3.393327
6002777448326587264,233.78509347030356,-41.16686944253292,,3.3973818
6801963487915169920,312.9553322987257,-26.919143946973296,5.897469347770312,3.3990402
4871775051598300160,66.00955538338754,-34.01663400435644,11.126967449378133,3.400128
3312052249215275904,64.94888616843296,15.627538192852759,21.664548744839898,3.4027567
1939115478598580352,354.39204130799976,46.456276552702825,38.573580782293064,3.404353
6425343818681031040,311.2390853775673,-66.20316637313928,23.801133037350663,3.4054875
5998019895874780928,240.03043321410547,-38.39682619869986,7.594244118996563,3.4078684
1243381938292692096,207.36890789539856,15.798083162203483,13.422818758026837,3.41004
5330160246631998848,136.03835273422885,-47.0977749570303,10.8265285960073,3.4186177
588551501854159744,145.2869906228765,9.892141951709274,24.19762317452514,3.4208007
2717594072113956352,340.3658528815996,10.831311075878627,,3.4208996
5199386085968886528,158.86625302656304,-78.60773860956509,7.351357354280559,3.42169
5300534077635861888,137.74190406346486,-58.96684016755167,7.948093273210861,3.421808
4156500578347841408,278.8016989610905,-8.245466019291719,17.695164442513324,3.4242194
6109087784495371648,207.40398070198327,-42.47381501215476,7.326930145519016,3.4261973
2461150714560126080,27.865310207287475,-10.335213090796154,12.877029083346933,3.4277625
3683687763520080384,190.41242708810614,-1.4490230625523142,83.19347753572258,3.4332993
4254395871029677952,286.5621591057804,-4.882960200216354,25.640893345717434,3.4336429
5512761468416162432,119.1944354921627,-52.98224123127124,5.685676033617275,3.4414794
5273030069128572928,126.43376105915713,-66.13756340421502,30.21278124514609,3.4457974
805881416880407936,154.273151903808,42.91419397562115,14.459394988101115,3.446242
2658974606111711488,349.29478470898414,3.2823685553650206,24.195792360183937,3.4492388
6913577284069471616,311.9343288484159,-5.027879830542929,6.469099931342217,3.449377
216172202295911808,89.88240091334609,54.28410268168888,,3.4518437
2632117385335567872,348.5808228011476,-6.049875052865991,14.348160467396855,3.4539876
866177431955478144,110.03059448904996,21.982238707455554,53.769203794860104,3.4571264
4584613194593381888,269.4416075906706,29.24779516999184,23.854364728105196,3.4648023
5164707970261890560,53.22829341517546,-9.458168216292322,310.5772928005821,3.465752
3827873938815011200,144.9642118182715,-1.143088703608386,12.905524033282878,3.4662993
4775977077371116672,68.49943929352415,-55.04500922068205,,3.4664958
3796442680948579328,177.67712091756832,1.763518531662046,90.89451645739487,3.468565
6002777448330124160,233.78480782543784,-41.16675206323056,,3.4685807
5250032958818831360,146.31159319122628,-62.50786736246062,1.9841691082382484,3.4711742
2965792913525710976,87.83148955157748,-20.881971538960876,28.423443137771343,3.4712873
4937200425857908992,28.994282975057555,-51.60756961156581,56.85081150608127,3.4718022
6356375508718385024,325.37028223776923,-77.39112030905962,,3.4732316
4609802834185436928,269.06327056542517,37.250566408097306,4.100249049969286,3.47414
3305012316783533056,60.1700400180681,12.490288479392149,8.039726228877436,3.4756324
2964000159821218432,86.11439122579156,-22.45002336420253,112.29602820037746,3.476823
4081642115877635840,286.1711290600682,-21.741755781309788,23.812090431132717,3.4801962
4296708789290712064,298.8285089900959,6.404626612168723,73.52487469097186,3.4819748
6513525544581729536,342.1395041838119,-51.31714292378511,25.79022671282131,3.487227
4529285391533766400,275.9254783115971,21.768671633992867,26.963634851566006,3.4873433
6709267613942522496,276.7432910812464,-45.96869558670535,11.669600619552739,3.4887385
622052899598187392,151.83312977678483,16.762660412755842,1.7965196308953622,3.4907143
5583216215017531648,102.46019909902277,-32.508458997835874,4.830039669869132,3.4911032
6020624858523492352,249.09371382836378,-35.2552842007589,10.345329309845912,3.49136
738259665062428416,163.3283586008161,34.2136536280549,32.92099356722732,3.494125
5267405895350690304,107.18725486658857,-70.49844750153386,24.47747421624008,3.4989178
4125171197089493760,264.39647046594615,-15.398818635694653,32.882797765427924,3.4990056
873035017257455104,111.43103524485525,27.797701341122824,24.020129776646378,3.50655
4402474042572385536,237.40470512724517,-3.430337302540748,,3.511335
3314024566919613952,65.73422490902678,17.542390757517502,20.30919733178576,3.516044
2720428303852574336,332.5511396899003,6.197966828673597,,3.516526
4672726716408826240,56.05317542343257,-64.80654280373156,30.440369973206874,3.5165603
5308225539451195520,149.21548431065693,-54.56776992491004,1.9030403042356356,3.521229
3296627028792695168,73.13318318973232,14.250398248921895,5.812463129775632,3.52523
4840356816072211712,63.50072823564913,-42.295271463682425,27.720985665984383,3.5266554
3337991583943473280,83.78449673650563,9.934150110721673,2.5935737953210762,3.528103
2952868119987647744,103.54687424806049,-12.038691754586718,12.06755142240872,3.5294538
6828125061423674752,321.66677580627606,-22.411214998498547,7.371114494156851,3.5300386
643819484617141504,148.18983474754336,26.006706191116002,26.097073837299966,3.5301552
1977100856572910336,324.01079818650203,45.37459068778563,5.175964856383765,3.5311058
5338833263117260672,163.37423881457266,-58.85299792655974,33.52246589961509,3.5334344
6161403234933741312,202.76097264117234,-39.407358352345675,,3.5339127
5318547273548061824,130.0731005351964,-52.921814838154795,7.0823165728302655,3.5350146
433103132037681536,47.37522068555027,44.856842474273094,28.73143237779338,3.535792
1986628812013105152,337.38260044640924,47.706882023498416,1.4838483825810553,3.5363603
1671148277108755200,207.85808233061798,64.72327753159793,7.715734401192944,3.5380037
3366754155291545344,106.02717676046669,20.570294274158407,3.0729129856354085,3.5395133
2996171698248699904,86.73885705541909,-14.821953605720934,44.79397747617685,3.5410435
5971244451311982336,253.08386981981704,-38.017636551986286,5.663246363273698,3.542674
2139664063041544576,289.27614437073896,53.36900495687048,26.485325285667464,3.544013
6093220251160674688,214.85084131644513,-46.05811713873148,9.328553859478502,3.544546
4822106194362165760,82.80326527079693,-35.470650672179325,11.729989775724453,3.5456567
5935906628641616128,254.8960413402936,-53.16034251142705,8.852009173616713,3.547944
5855802671046171648,191.5695494796672,-68.10814700338375,10.240972344520857,3.5488756
2502847975056102400,40.82449887091414,3.235169345348113,,3.5503135
4870527586937201408,64.47392596972604,-33.79837213753377,18.400194296882404,3.5517442
5521599549054493696,130.1565070492401,-46.648720227436435,0.4311601010823921,3.5536344
4936685751336237056,34.12809888310582,-51.5122651790229,21.68624832752511,3.5560112
5337891256535666176,167.1474026341081,-58.97503165727452,0.22275528413050544,3.557437
5828952940687722496,243.85949430582085,-63.68574245974316,4.576631535207849,3.5603364
4878631812268014464,68.88740308086244,-30.562397782195685,15.450088518486938,3.5659256
2493390319631956352,34.83664886460604,-2.9787036389443307,,3.5681472
3019816764523863552,93.71386334648815,-6.2748597203681555,5.10558442089515,3.5708857
1931192500887330688,345.48038407430573,42.32598623163029,9.305137249961678,3.575974
3312748824193704832,67.14423196264237,15.962025308010457,24.76925610737078,3.577121
3168265196643846400,109.52303150106083,16.540225963939488,32.60681934596957,3.5799253
1064092789129355136,142.88317471411838,63.061979025953285,42.09035883464328,3.5820162
5173421634271199104,44.107223636728506,-8.899117343536275,24.217770009174714,3.5833347
3207534529304666240,79.40154704838251,-6.844450161811125,6.014663648195368,3.5883799
5300734910309994240,139.05006945281832,-57.54153282068637,6.250075545962206,3.5909956
6518817665843312000,335.6844004512271,-45.94804349249061,6.185845810192854,3.5925784
4757601523650165120,83.40631067329583,-62.489769239431524,2.930785424074064,3.5934615
939307084189685248,103.19723612430526,33.9610470125569,16.87007592104058,3.593621
6203033940614597504,220.9139848128326,-35.174458280736005,14.508191435737391,3.594247
5912398348432135552,262.77412911919896,-60.68428368485731,14.468825378028784,3.596028
3174163561130003840,69.54473362633105,-14.304709387338377,28.876933013531165,3.601026
4990516294443333504,2.3534338435390842,-45.74822211784421,22.608140683809946,3.6017847
1273423791421021568,231.9562807016411,29.106103677611483,27.925632182460006,3.6044285
2090687795056051328,282.5199906501613,33.362650393309416,3.598248453237108,3.6048782
5642935536248627456,132.63234221962838,-27.709458050234254,15.514237356417429,3.6095452
2891816671700460288,95.52831507928491,-33.43663025921882,15.049040159579686,3.6113985
916230087468692864,125.70865948297298,43.18768339881599,8.88283223057729,3.613737
3214077516844988800,81.11923705133687,-2.3971524975189644,1.5783049215332816,3.6153696
2365464065885835904,3.6599461564529565,-18.933189798652894,7.079731486363765,3.615524
66526127137440128,57.29068893293528,24.053211829998986,8.118448445799721,3.6157947
5775835843156608256,248.359945607511,-78.89749578943699,21.303270774745105,3.620061
2059372363884259072,299.07636376369845,35.08329669254902,23.548195310556714,3.6234016
5236306071562633344,176.40065646582843,-66.72860365116325,23.728944114455828,3.624794
6265374394490973184,233.88187249166222,-14.789500781858125,20.25928939630109,3.625443
6539947667988856320,347.5905760162791,-45.246834538955106,15.856632630340396,3.6254985
2392584791494639744,350.74203460091184,-20.101016671995655,19.85575411998934,3.6269598
3992011061833780096,168.80082789260484,23.095482313567242,4.293597282985172,3.6306431
116339982466340736,42.496308810421745,27.25998890692297,,3.6328406
2989528414633822464,77.84544163484792,-11.8488309684996,6.077662841446712,3.6340435
2995725777563537792,89.10103276512667,-14.16708077541103,66.85733766272052,3.635856
660136821288588416,131.17116036160883,18.153295569011824,23.827111033669258,3.6373575
4803692295174064256,89.78680236025778,-42.81518136667342,7.402087475427315,3.6376557
6838023243053666688,325.02361799924387,-16.662413768068262,19.103692360380798,3.6419108
2251191616254289152,297.04417326624304,70.26810826288803,21.32193454044623,3.64309
6705977119250947712,271.65772381444384,-50.09152286889015,2.946986528235679,3.643981
2851617392714906880,359.4395212218164,25.14126236383725,6.424684031654784,3.6454024
6209215257553893760,234.6639572152854,-29.777876079016277,,3.6462045
5114760146310175488,56.53581852874381,-12.101324281489884,6.3942979251323235,3.6505644
1667976701458958848,211.09674420277332,64.3759244157777,12.515550878050064,3.652423
1195823284391343104,236.54720068018437,15.421606892423219,21.59236669085102,3.6537793
1398822783330261248,240.66277161527762,47.24063069977545,8.162068243632802,3.6584573
3458053271535395712,87.87241834932108,39.14852708253507,16.141362024149977,3.6593385
6419476755916988032,280.7589179465574,-71.42882003717182,15.149521371487978,3.660477
3041619014955371392,115.31146191996875,-9.551220883265277,22.38391398947461,3.6608422
5263150888430619904,115.45573667976751,-72.60603326581551,22.437703394578442,3.6618443
243276881910517120,56.29837849320915,42.57854136383548,5.47664352654924,3.663778
1891598193816300544,331.7542260532072,25.34522096646813,84.00535559575758,3.6638713
5639188675501966464,130.897995022965,-33.18633878364722,4.1089407095859665,3.6639202
418001477279154304,9.24298360611852,53.89686812148113,6.665665800676212,3.664362
1907131544341497600,333.9924535004023,37.748734832792465,4.810812222315158,3.6651716
3287731945364911232,72.80151646339951,5.60510830642511,3.8715039967063936,3.6682577
644306911864817152,142.93003485076122,22.967819938531292,8.755452958540147,3.6707792
4929469381645492864,22.81387226522309,-49.07201823342556,22.793478789309944,3.6708763
2939555954755196160,99.17128532129774,-19.256190699068565,48.849033225640284,3.673236
1876331990259358976,341.63310142716244,23.565612345440783,8.59870356298172,3.6866872
1201067439457715072,245.47983846631206,19.153320268640844,16.86704837454732,3.691747
3232262786334597888,73.56290684709873,2.4406776157180046,3.294487559717264,3.692016
1193030490492925824,239.11469743534354,15.655912590196278,89.56466413447797,3.694426
65271996684817280,56.2190045645284,24.11313304360812,8.345685150896063,3.6982086
6521011466420795392,337.3175394102386,-43.495575710061814,9.998096537714888,3.6997373
4426032591025363200,237.7045892801561,4.478006603862712,45.329258377441285,3.699778
4254220979971917056,285.42001937869355,-5.739280970265661,21.566909465839547,3.700353
12730974556132096,51.7925714099467,9.732550147153876,16.791442221122395,3.7018294
1964791583368233088,318.6986966847419,38.04737760007011,,3.7045398
2713996126469641984,347.38107805306356,8.677154419410527,,3.7052495
1049765396704695936,147.74478153974084,59.03805958941325,28.378297904109104,3.705446
441161693272718336,43.5644294632559,52.7624559609044,12.372553770757877,3.707698
6304988355324252928,213.22396702995383,-10.27308574177618,11.587768428938862,3.7098556
4482432246132106496,271.837158305769,9.564197857391276,38.12630610581889,3.7121606
2630576144911349248,349.2121666360522,-7.7265601174932055,6.161173380222363,3.7154613
5935306123457567616,244.95898537846745,-50.15573684856687,23.569837041074514,3.7174704
3296329370379163520,74.09247641162624,13.51426918734195,18.090350443745088,3.7191608
35845938787261952,43.952039093037854,18.331570036339052,,3.7192929
6406700636957782144,338.25064171392336,-61.982210340229564,11.527418412680735,3.7205575
4506929502678142336,284.9054165540201,15.067972422867443,18.18210163111893,3.7267342
3655377057091634304,221.56166928298174,1.8927928769364972,24.28138633500273,3.728377
5449188358930264704,156.78749738187875,-31.067735592542967,8.90694125994316,3.732725
5626529620176041600,130.02565578266555,-35.3084465169506,8.459814469376584,3.7353456
1810711143451975296,309.90982926217725,15.912023765956633,13.72980762879482,3.7358906
5606936597848690432,109.1457370491467,-27.88100738625123,7.622758121021305,3.7392623
2022881668925464320,292.17575748718303,24.664430897779596,11.223782215088754,3.7411165
2136270970154631168,292.42664190032,51.73034634257358,26.63630356511057,3.7418947
4933453324590295040,16.520955996941634,-46.7183906492276,,3.7442322
1713631344821548544,216.8815945979563,75.696086179794,9.32154837757187,3.7445457
3490322803937287680,177.18767068873186,-26.74982527348771,6.97692663465877,3.7452638
4240272953377646592,298.11824336043924,1.0056218968067914,3.6714961421919132,3.7476714
5255378028454342272,156.96958728792242,-58.73939589190718,2.111081211869636,3.75138
4472097420946809600,266.97306262165563,2.7069481817732406,33.61738000890459,3.7528484
1971163631220899968,323.4950664261138,45.59142329775108,25.93591620682942,3.7549741
1220404653534258816,239.39649360413006,26.8776086454839,13.492248317949882,3.7562327
4093933487636355968,273.44087503714815,-21.058837185602606,,3.7602293
2804918316384272128,11.834197767390048,24.266821770248253,18.00829036636135,3.7604692
6396597121531742336,322.1882261545196,-69.50558994559765,7.835541008194464,3.761446
6717964750922730624,287.50734415474875,-39.34096265603892,5.864539517542389,3.7625673
1459043241342371328,207.9477024650543,34.444094754116385,6.20366601067614,3.7662876
6337717036911729024,220.76559123742143,-5.6596064403480675,52.18150644577868,3.7671251
5823955832142075776,234.1803642557681,-66.31728302842396,15.199372559477897,3.7681618
1797346167298274304,322.487178472437,23.63885637276082,7.282392278901804,3.7691293
1790202365373760256,320.52216241512485,19.804789713946604,20.848168338475414,3.7720094
1006142960069707648,94.47834228542395,61.515276001012744,4.409634883373037,3.7721922
6903096911032851584,311.9191094158736,-9.4959321959202,13.36194092373182,3.774703
3143460557918325248,112.04053009037109,8.925573994135036,3.1339523529566757,3.7767541
3553136288324444544,164.94144070127717,-18.298214614578484,20.369307877813785,3.7779377
5269012591076800256,109.20754067675165,-67.95711493884554,4.752157451353536,3.7786546
1148730170578687744,112.76849327167622,82.41128209857068,6.554870064107842,3.7795882
6803883097774049280,316.78182011887355,-25.006049087813057,7.062865839985804,3.7819405
1732693474833518720,318.95621022408744,5.24749263724808,17.19852048253453,3.782287
705156050012755712,131.6741399256985,28.759698916431567,9.412396164467594,3.7832348
1988193348344678656,337.82387715226025,50.28256960268281,31.494325261657497,3.7837074
5426587107145955712,142.6736972497101,-40.466465971955536,,3.784305
1144716265942885888,144.27155032517524,81.32630730588205,3.5422715513901784,3.785223
3626724299468272384,193.58807912583163,-9.539057096452607,5.020505456961538,3.7855816
285049252792128512,75.85449600717394,60.442181536184144,3.88000181288587,3.7896965
3216486443742786048,84.68652242854718,-2.6000786610750604,,3.790166
1362451076122760320,264.86615107268545,46.00634774932603,6.515743581618788,3.7906454
1505343882144388864,211.98238473495357,43.85431544066182,6.011020313112767,3.792248
1812371096773414144,309.4781975051933,18.26885690965373,8.431493196545812,3.7925513
6687035763708945792,298.81547243761065,-41.86803306862408,16.207208310821308,3.793246
1561883759343666304,205.18432046217268,54.6815877644277,5.59626428384964,3.7974348
3334901543952614528,84.2270617541914,9.289315600777243,28.672196661235088,3.7976506
1010770873228612608,135.90617083459304,47.156273386809694,,3.7986155
6634378296431076864,275.8068056500598,-61.49387210102472,4.404127694088305,3.7995434
5059348952161258624,48.020701120552644,-28.98487006133274,71.43370405378651,3.8014393
1117104986348319232,135.63596066238887,67.62969623064188,10.165762024522257,3.8032541
3360277997443303424,108.34287487123926,16.158780011535235,5.030954301355951,3.8033657
2315550051916217856,6.981967886364166,-33.00738563529265,5.898388870903959,3.8037894
4679700059672168960,59.68654043977156,-61.400248435410774,6.038161508490298,3.804274
5301472064124336000,133.76161710365147,-60.64443834676047,11.194108872312354,3.8086858
6110381256839901440,209.56763096582756,-42.10084266978547,7.100153567583698,3.8089063
203855713561818240,69.17259751847932,41.26475172720214,3.6003144749177594,3.8100004
5540591825707339648,122.83950361494622,-39.618529839401084,2.3830674713203885,3.8102102
6704767209778958976,277.20869269804166,-49.07161003065623,26.698398777970862,3.8142595
3631753877970312576,202.99072239216824,-6.256019401834447,6.949898979981095,3.8150225
2391835199442300544,351.5113649839112,-20.642302407986215,10.58735744663141,3.8150816
3695061317957036928,184.9761836854102,-0.6668746066407334,13.169161643972288,3.8159492
5842864786417716608,188.1159696652917,-72.13301496237534,8.601529638207838,3.8161688
4389237503121158016,261.6286762232637,4.140389425891086,3.7578238107583117,3.818025
4951967794731342464,40.167596942337,-39.85549757179939,22.285267156631964,3.821736
4792774797545800832,86.82123452009108,-51.066136257823345,50.930690628822894,3.8232422
2793343001564046976,7.01268028478256,17.893217438629772,6.002455748722853,3.8245497
5524834518404115840,131.0996357921678,-42.64919068492049,14.038717551015347,3.825603
3870025847369674624,158.2027646952496,9.306570149631488,1.5912719917828275,3.8256657
1186417202929896960,221.52437843000473,15.131856044868343,5.108426808605989,3.8274627
6001701610563428224,234.51243809068475,-42.567086941005236,15.283840802055712,3.828281
2714292032537154944,346.7511200283204,9.409438166589366,9.919737076853556,3.8308668
4589549005370416256,271.885629543314,28.762527299687893,9.348675372084287,3.8321147
3864344017954021120,164.00601562941623,6.1853401757926,8.745383837761048,3.834727
40834354322264832,52.71832563316209,12.936672293685813,9.690734599826428,3.8361235
2556759229189045632,12.170968944689207,7.5848586637986335,10.857693757451099,3.8363445
6070423698625106560,204.99850607667705,-49.94990050552723,5.875170461238087,3.8364408
5254185333179488768,160.8844000286122,-60.5666080044978,2.20082806220161,3.8380425
3879879704937353984,151.97575532818473,9.997218678018779,11.020914691795813,3.8388133
6260822966106824576,238.4568695566871,-16.728699526538854,19.47872971184453,3.8406856
6512396139980581376,345.2195598694251,-52.75419011214398,19.91080105557091,3.8416972
1279618955326351488,220.85561001435758,26.527782631360317,5.512445131360102,3.841982
216718178536050176,56.07975605974174,32.28820323631351,3.0223525151861725,3.842228
364785939116867072,14.189228786797868,38.49948894197979,26.704629786620664,3.8432207
246265388874592768,63.724475082644574,48.40925558769521,3.939483224357637,3.8461115
5416916936743969152,153.68308364353916,-42.1217211333132,31.636907726252893,3.8466654
6107651444350934400,209.66962190153635,-44.80368370039489,,3.8492305
2677558895241364864,335.41464491996317,-1.387299331506994,25.85506687180807,3.8492627
6127688772460862976,189.4244346160047,-48.54133539851064,24.29534892468189,3.8500426
2200153454733285248,337.2928846512036,58.41520817273959,3.5550642334569473,3.8505998
5364580148905328256,159.32453165752833,-48.22566700401987,37.433862578079676,3.854386
3751290548759011712,159.38882545581276,-13.384714500731478,,3.857222
3905768599567468544,181.30120410793702,8.733166497297692,19.49358769061892,3.8577967
2743004129429424000,356.59784232955866,3.4867017575906436,4.089402683709545,3.861429
2006840790679122688,339.65844191354597,56.795491107670266,7.223356589961869,3.861995
65283232316451328,56.45679586432521,24.36754142471917,7.671309961502887,3.863349
5687035813759862272,147.86962124048864,-14.84674778224562,,3.8642342
5329941409468845824,131.50677499291484,-46.04150716596181,2.3017049618929617,3.8647258
6041076668127513984,239.22106830024902,-29.21417958464532,7.321834395676366,3.8667355
119186137034428032,50.08480629155294,29.048386408151032,5.034723041629357,3.8667917
249147311932147072,52.64371528526615,47.99530064901789,9.505969376245389,3.8675852
1623289903206300928,240.46954398425984,58.56673458360329,46.4664631070124,3.869275
5351595878668219776,158.8969397634595,-57.557632157144205,2.2158629550985287,3.87057
5902489309145870464,227.9829840971186,-48.738042095837756,17.58878864679457,3.8706172
6085579126381717504,193.27823874992558,-48.943422791888715,10.33341637980193,3.8707404
5346659311979165184,170.2514139929002,-54.49106621877023,13.95977291202661,3.873441
3015112126066981376,80.98671811819419,-7.8082568853521925,19.45004933376947,3.8751557
2056616231822305280,308.4757640562065,35.25082566230425,0.8792483739781002,3.8773339
5334994490080052352,176.62822423804158,-61.178474345917756,7.989415632512049,3.8793738
5770136009232924800,216.72625784336776,-83.66794635335597,10.870626149789365,3.8798318
574112955678493824,17.192472075022426,86.25704383383308,10.803434475714374,3.8803709
3845263368043470080,138.59168138850072,2.312888230104385,27.07038074089186,3.8813465
3877751153505015552,150.05321394732067,8.044122387056774,6.85128238512063,3.8831792
2065606182478642560,314.2934778722158,41.16710101968394,7.956829648283635,3.88561
1385978666451514112,244.93506863647633,46.313533018260976,10.162563126660359,3.8871303
4084474835781915392,290.4180416311052,-17.847102679696903,25.001107647767824,3.8882518
4255143126653060352,281.79360701332786,-4.747945922834593,4.854912899637715,3.8905008
6492406743706907776,349.3572276071401,-58.235369888848446,44.08078717004196,3.891795
6127435678627741824,187.009701956416,-50.23069651344533,7.924894436033528,3.8933313
1683102889080800640,188.36984368693533,69.78828379171446,7.009279760101587,3.8934839
5599824647403389952,115.95193084548448,-28.95480827545906,0.9731727800868006,3.8961058
3030133379058134144,113.44982947953935,-14.523886220595731,1.3538433380226595,3.8964202
140457735662620800,42.87854040758558,35.05946084085705,7.776155027856757,3.901517
3066513435671608064,126.41483546720484,-3.90653144815045,25.343764773149612,3.9022553
436648129327098496,47.27540485964256,49.612873858437766,94.54120718732504,3.9026392
2362083445587361152,5.44309657449073,-20.058076322931655,3.9693822420035465,3.9033446
3910931906171050496,174.61500941480676,8.134319768971904,5.564573996321011,3.9069722
6219380139469026432,222.57091739863498,-27.960638796096596,10.802398205323534,3.907332
3915612630249291008,170.98173090117388,10.529146839480171,,3.9073865
4570796456599587200,262.68471721561906,26.11071754030528,8.294322128817813,3.9097338
5205029672996886016,156.0985242578028,-74.0317374526645,61.434166275104715,3.9097652
1860951540586100864,307.3489295465808,30.368551229652493,3.043810143226041,3.9099448
3297007356736766080,60.78910297976636,5.989283488706149,26.42931179237534,3.9104197
1310284059748155136,255.0721423618982,30.92652313621418,19.763930047930945,3.9134347
1563590510627624064,200.98556035442118,54.92168988678249,40.280285728957914,3.9137754
3204884534485995264,69.07976184342182,-3.3524812188642006,4.796093565731364,3.9139285
5638274087975114240,140.37322938902815,-25.96548414793062,5.09599661998765,3.9153724
1604859511344724864,216.2974561533579,51.84896726025888,69.06857806595082,3.9172292
6244010505608714368,241.70172217693315,-20.669293247493943,7.095567842703005,3.9183657
4992538055808271360,6.551492767246445,-43.67968625508389,41.72283479422134,3.9185052
5599927623535365888,115.88487487913042,-28.410753989502773,4.13844615795041,3.9190986
1859330929165858560,311.4155916501437,30.719818940539515,15.382605141397063,3.9202452
5856714131833261184,188.72671205509857,-67.7569110354985,3.0037101511828097,3.9212968
5961830948155839360,264.13680106256214,-38.63621784603912,20.692225649038413,3.9237142
2745491430891511168,359.82854365060507,6.8628259218808925,30.27689104890095,3.9241753
2630155547353593216,348.9745548677205,-9.087810189229959,22.092365568710097,3.924721
5777500503761872128,250.7636123793369,-77.51901026223308,20.953498571815366,3.9250965
2616542115933350144,334.2090196731275,-7.783386201689477,17.08926679948824,3.9265149
4858358982514762368,57.3632752224758,-36.20047675499633,14.978090441844442,3.9283319
810952158347760128,139.7108313412717,36.80203502578564,24.70865075325121,3.9285734
4469314179061640320,270.1613199486119,2.9315258495371417,1.3731154046787157,3.9324145
1942705624581332224,349.43625917771857,49.01532842822809,5.696300607561407,3.9340034
6125166320994675456,182.9127159863492,-52.36849913727676,12.469230425264477,3.935946
2216536246703152256,329.1630789062305,63.6255485672108,1.0033079115530021,3.94011
5297336148056940544,137.8193123470593,-62.31691133071921,6.543754672822861,3.9414103
6603237069110449792,343.98714540662513,-32.53947887896725,19.16179864630112,3.9415772
3640828731549972480,214.00349891646684,-6.002390925763077,45.40143480097189,3.9420373
246137776809763712,62.16553233551129,47.71236664387762,6.375553245522002,3.9444187
6664464851576141824,290.65959804673895,-44.45903894175702,8.3781720311755,3.9452553
3489338019475637760,182.10387983595368,-24.72905347552688,66.76962847793135,3.946629
546439965996109696,30.8581399846376,72.42139432955031,20.839130810725067,3.9484353
5210240327318434304,124.63363893110254,-76.9192479593938,51.31717474962205,3.949889
6713727061309245952,290.97175028895674,-40.616470922153454,18.108803428561057,3.9504597
3456177332896378496,87.76035890286224,37.30536699975672,5.735845053078788,3.9505138
2827595468830192384,353.3671020306092,22.498706099382574,5.844871229207309,3.950527
2463219858004414592,30.112143793029496,-8.52394229316763,6.0834207070871225,3.9534924
4576646442581655040,271.50785870747734,22.218845094748822,5.545070932819421,3.955155
5650133695272371968,137.0121721524218,-25.858537004442905,6.239013625646134,3.9553378
3717256094034195584,199.40115348731604,5.469941628676424,4.669278608187353,3.9564712
1542553623374596352,191.28258987519374,45.44031536481818,3.2222468322927225,3.9576192
487305619316615680,55.5386799878536,63.21688594960669,4.267086622698051,3.9577527
6015150905501817472,237.73968681733783,-33.62732563002249,15.903897914192829,3.9583633
816649002967779584,135.1573578568694,41.78175608312542,53.36175020467222,3.959608
5907202503156812032,227.21078662442,-45.27994070167525,,3.9599392
6880097807842527232,304.41205353011645,-12.508204884984323,4.015716865760626,3.9628303
6368016725517046144,300.14935645175683,-72.91109022395136,31.2592514040571,3.963491
2099385000742174592,289.09203952219247,38.13376032883556,4.200507326242494,3.9654982
2165218431286782336,316.6504293946806,47.64839511124905,2.5324349196351528,3.9655983
348020482735930112,24.198321215249642,41.4037617615712,74.19396780666189,3.966133
878467085735262720,115.82834518488663,28.882490119929923,27.121043168963787,3.9680505
1710727122296357376,251.49328885063915,82.03726905338733,9.863740345240691,3.9690459
2562091860584132096,25.35778812838373,5.487627211063531,8.927528261122536,3.970141
5248192926092026496,135.6116288165701,-66.3964988074426,25.971791776615664,3.9706151
3087964941891149952,120.56627842916214,2.335041455668743,12.523434116871659,3.972009
1862193748217511040,305.96533457942184,32.19013516248013,12.235863740155821,3.9725595
3196359642878570368,62.96645850775461,-6.837215809714261,26.109678851295694,3.9739523
1565090003967879424,201.30730577290853,54.987845339784336,40.46506499292375,3.9743545
219375904303684224,59.74126438868437,35.7910420686924,2.445698847170818,3.9748838
5855802671045627648,191.5701496043282,-68.10797814773593,10.428486475901787,3.9806468
5610257226031514240,108.70266722509879,-26.772631515854002,3.56103260416884,3.9829917
438829629114680704,41.05222216366374,49.22805187168278,89.68495177109118,3.9830012
2797816639500412288,3.651119417436693,20.206708004381166,9.405199843331518,3.9842234
2661524098698483456,351.99149948600797,6.378800179390754,19.24339178061518,3.9845803
6105713692544123520,220.48979284604397,-37.79363633838957,10.033935628914184,3.9865818
4468557611984384512,271.364453818457,2.495224095912567,195.5673545594233,3.987364
1763000413344449792,311.66444160468086,16.123416160814827,28.13592241496596,3.989937
1955662200884781824,333.4699229448179,39.71501064231144,5.71806608437562,3.9903636
6059249774300209408,186.87015297499087,-58.99175020428491,6.791726768438538,3.996654
2577673177300873216,15.735512173204086,7.890247528188163,17.80735980667423,3.9971802
4605754569812388480,274.9653630135355,36.06472960816234,12.764621672728728,3.9974966
4052359028870465280,274.51332544558403,-27.042662162406675,4.486032435930584,3.9981618
6060547163656965120,193.64817506017252,-57.17798404607355,8.015184957947573,3.9990456
1810448909928688768,309.38772188281627,14.594966552012377,,3.999137
2756363608023588864,354.9893506001899,5.6243516012277475,73.23703628604858,3.9992578
5899408305748518528,219.47157805264095,-49.42595812350064,9.348441614642457,4.0019474
3225773709225508736,71.37569807929303,-3.2547165420992292,5.812500966407835,4.00829
5210161643517558528,125.15793284529501,-77.48429877760321,21.346217851181166,4.0109277
2572221764290136192,26.348759050139087,9.157989522154077,12.52963226916752,4.01252
5352174702807141632,159.82648584598135,-55.60324561502394,4.159527392469507,4.0128927
1410669883680112128,249.6865291654748,48.92845927997814,7.728817300160124,4.0151134
1755320049747788160,308.3032697386287,11.303179251591162,8.914894013608523,4.0156035
1223128521794138496,235.6852476238632,26.295807184651633,,4.0156465
326109689896765568,34.3288558064912,33.846962660907664,27.979464525783225,4.016055
5355253335382594176,154.9030304438349,-55.02929569542762,1.8988058997926562,4.01697
5711199471578643200,119.21462935159946,-22.880091781615068,5.680558604171129,4.0176034
2673831344665067392,326.6328198404678,-2.2126671268252682,7.713415001905365,4.01761
886479673643853952,107.78471823693071,30.244948146711195,8.326143649272213,4.020316
3231949906557374592,74.63709025339023,1.7139847288632826,4.209299594321308,4.0206532
1773880252697231744,326.12793932206597,17.349970523256463,3.562679184105775,4.0230126
6573503732074732288,331.52854763199423,-39.54390944597189,13.087576035927961,4.023706
4591092238654107904,272.9755729561406,31.40545780634923,6.251849357524674,4.023982
2653884210872467200,338.83948596713566,-0.11774204386089672,18.37086586167718,4.025545
3801795103551451648,165.4570246227282,-2.484747657477281,5.494781386083479,4.0261264
1025309131366815232,146.63194016497022,57.128215731304174,5.532489107940902,4.0281754
3436911415277140224,93.84416519301544,29.496916029568094,18.27027873304325,4.028311
6805455124526007424,311.52362917337143,-25.271595679561823,68.33702615446357,4.030625
2205941009060265728,330.97110179789183,63.12017992426462,7.532808862388135,4.0318704
4913847589156808960,17.096327954824456,-55.24561894228843,11.208002282500875,4.032716
5437183238146150400,142.31119527120774,-35.95131201665365,4.634853159293733,4.0328364
5530670107652889344,117.30952843989927,-46.373170156596245,3.506475329336614,4.0345917
5350358584482202880,161.2647407537247,-59.68445877770452,,4.034632
1683014206596170240,187.52704098892693,69.20088011314691,5.723319281924228,4.034973
3794167001116704000,174.23721905943012,-0.82355819813912,18.34607962037063,4.0375085
1836958616324554752,303.94206262764214,27.81425276549941,9.96416325819198,4.037718
4009317512294972160,186.7340498961959,28.268062170721457,19.8641170812878,4.0396743
6053327426740164992,184.60896244333344,-64.00311459755419,9.240241743219435,4.0399103
3546521385854108928,171.2200634570526,-17.683995656330193,37.70653151370568,4.0472245
6351373899042868480,341.5129714090948,-81.38162109066963,,4.0484095
6211243890864211712,229.45760380022062,-30.14871591550372,8.285556107825933,4.049004
6835905927256722688,320.56178645858284,-16.83452207289956,16.20481589935105,4.0490885
3937690377059272704,194.73083675708443,17.409592739271208,9.392965752831698,4.049141
1998148532777850880,358.59593000622834,57.49936804016163,-0.05692948580011033,4.050132
3944674165681089408,196.59431417449855,22.61599168502199,5.463361637457651,4.0514774
6253982698111471104,235.48646867341301,-19.679288637060775,10.77252945656226,4.0519385
5305373440633087360,143.61095283696628,-59.2297266018616,1.7232712450125363,4.0521374
4325157278258097792,247.7846484820849,-16.612897548699785,13.62201063529931,4.0525284
3220275601329091584,82.43326172652218,-1.0923515777061004,6.516968438386555,4.0526423
4693818888483537664,35.43664437891122,-68.65940430513912,23.2796024302128,4.0532403
6754054639555151744,299.2368398064238,-27.169970624182735,3.8050724466658243,4.053887
3814363071213806848,170.2837265880226,6.02926780479546,13.555115005799674,4.0547566
5350588691660896128,159.68735598577635,-59.182992968528445,2.303814526683267,4.056845
2498783458525988992,39.87071163754866,0.32849665438570363,5.131223416873837,4.0573735
3372552842178783616,97.24075374613999,20.212076430854843,4.447477074560435,4.058969
4544678210716072320,255.78291185134054,14.091669883967503,8.019714190137309,4.0592785
5378174716824935040,177.78575355886835,-45.17350531148522,7.919894249845825,4.0603027
6053245135154609280,181.72076420594314,-64.61389471172151,50.79192327463149,4.0608897
5877059048308526720,229.37770557486672,-58.80181171208593,33.820453928967986,4.060981
4847957293278177024,50.00034361894219,-43.06655252783423,165.5242095575573,4.063915
60248877811546112,47.90808720855174,19.726648284350475,19.773087878918602,4.064342
53164002842376832,61.17425004460124,22.08166969321299,17.619441960173923,4.065172
1982252790090609152,340.12915879559546,44.27635611227785,9.317049267554662,4.0652237
5077970830842019584,45.59719677022088,-23.624717283377432,36.95023734708943,4.066773
6116979288685368192,215.1389373376286,-37.885342221664466,13.202609057975755,4.0668545
5735066776630042112,131.5939821847781,-13.5477903707752,15.883953785611398,4.0671697
2719475542667772416,341.67431037726243,12.170694096276746,60.916077332634366,4.069358
5539754169644892032,123.51242844959921,-40.34817893215736,10.488991003347026,4.0693965
462250738616785152,52.26719596759808,59.940328920151536,1.0527302138944405,4.071776
2265035532800158848,288.8854304536992,73.35593837366184,21.6734281772682,4.0729303
4900108950849461248,5.0356095474274705,-64.86961713712722,116.18257854098105,4.07351
5468147822041930240,159.30661655104174,-27.4125430354373,6.884992068056121,4.074122
3684575344281793920,198.5181063556993,-2.8069930496732494,5.5525823295476675,4.074166
4226301630912281600,309.58460212272996,-1.1052045682584333,11.430045525057777,4.074997
6555948757627251072,349.7061292854416,-32.53237742250906,17.290919762084794,4.0768914
1139835946142603008,105.0182604038094,76.97734888794668,17.075320615491627,4.0778456
4530744134231683840,281.4154805359527,20.544817390173186,51.674311685441225,4.0786414
6882183890633433600,316.487168255392,-17.23313685719848,21.90486498896114,4.078666
5476519400501003008,92.81217344502588,-65.5888880291647,4.531160165833945,4.080623
693818676378107776,141.16341687303495,26.18211353356537,16.312142074372147,4.0808535
405987526029851264,25.915331575110873,50.68866947906711,5.404817058905686,4.081212
5509137443727960832,104.06663193424433,-48.72110709465919,2.7727141444285412,4.0814834
6297642105821172480,212.7103777282611,-16.302078368084956,,4.0832424
5956774809575176960,269.4491485745895,-41.716361399704006,5.7411324460854525,4.083907
1165987658411302272,233.70027089806285,10.538881171882535,10.805613821981815,4.0844493
4295095221652796160,293.523259960094,7.378242521913686,29.409075016177393,4.087266
6401464693867773568,321.61171581249374,-65.3626399731515,108.01020563892783,4.0891333
6243816751039523712,241.8515639317652,-20.868964813992825,11.153882913600961,4.090471
2936152657031151232,105.93956041805528,-15.63333782648228,7.581934670812383,4.0905623
6177092406867764352,207.25807843630366,-28.367913930233215,,4.0920744
1460229442589223424,197.9642816133702,27.882105372524595,108.72500920524958,4.093279
1534011998572555776,188.43142838333532,41.358776694084185,118.02660559667956,4.094672
892160231749198848,112.27878982917893,31.785435445699783,56.11172845740712,4.094832
1153780605441364224,225.7249093788345,2.09136492858358,16.747377873679095,4.094921
1820484908501127040,300.0137889177588,17.516448520964932,3.4238985561738056,4.0958447
2858181236614036864,9.637781933874779,29.310627871477646,19.24514879156418,4.0968304
6718857073327910144,287.36856645660606,-37.904903337796014,27.088397531639504,4.0972977
2249908073868915968,300.7046485782214,67.87377633217558,7.505231131277149,4.099271
5547686493207863424,121.06742601306047,-32.67480007276501,0.8125831094136867,4.0994883
5523539671667837952,129.4109070378244,-42.9890365785687,1.5188129478313843,4.0997505
2940472157174944128,99.47255555907883,-18.237519694472578,6.787632050649171,4.103014
4111251723554095104,261.5925594346209,-24.175828848401494,40.027157633663336,4.1048822
5618016960638976896,109.15345885325438,-23.31557664608189,1.2154615850721326,4.1069946
3293714285052444800,68.91382566166997,10.160613646111896,19.5060692848111,4.1073446
3080111439567156992,129.6892367271998,3.3413639401239155,8.688730128103515,4.107481
3070413334696277248,122.14845610026155,-2.9838010657739247,3.245003372447236,4.10911
1268455098373569408,226.11055789541126,26.947625937302757,12.61441242453569,4.109814
4664383587823790848,76.89190970858091,-63.399878991934095,5.628224068253528,4.11005
1624770945369328128,244.31400054028535,59.75513494528652,4.7630393930209936,4.1115527
4695167130257543424,39.89838786398462,-68.26694674585823,21.323382292237085,4.112274
3083024286391515136,120.30585724131599,-1.3929416337388272,7.853704573509436,4.11286
5087043657197267200,56.71125691970994,-23.252076788991744,56.228101065104696,4.1130624
1823991938314881152,295.26228375975774,17.4758952424771,7.376354978520639,4.113627
6201910274096330368,222.15844913887588,-36.63490151070996,5.956055729241867,4.1161814
181124307088367232,79.54421715459993,33.37089798909463,9.508961546577417,4.116195
2535891460567764224,13.252085422292797,-1.1443296982576237,6.078564625593714,4.116363
5236290747119515008,177.06090542725644,-66.81497943468962,6.852421716879937,4.1170073
451517958939484928,36.40609799046346,50.27856433629441,7.6317211816506205,4.1174016
430769040662018560,8.249996717303175,62.9317732684215,1.0644361052472915,4.118094
2203889767044993920,326.36215544560565,61.12079660682435,0.9320880212508735,4.121482
2198483880690116480,333.7626125856422,57.04380276749173,38.15977025155719,4.1220145
1216544921044652032,237.81603395695376,20.97800042779322,8.077571479997292,4.122148
2885572407726698880,94.13806785656948,-35.140124419835104,17.384202298637273,4.122158
970675154497903616,96.2245887330116,49.28788253332824,0.4425656919727949,4.122197
4213654429705675520,292.6660805432529,-2.788934969955957,6.509629374739247,4.122641
249021589646744704,54.1225652218742,48.19251603030214,5.963529509467854,4.12316
3024622798567336064,90.01400467055427,-3.074586031087469,9.781727816501277,4.1242394
6050060708908632960,245.15904593125626,-24.169404428422975,5.692030486364023,4.1248446
2521951302394350336,33.249880037929756,8.846697220771158,10.418355180735052,4.125624
1867360078466623872,319.4795551037545,34.89687106903825,5.012019318099419,4.1268325
3589693744277156992,171.15234955127485,-10.859216798224677,8.177988986211076,4.1271706
756853643638639104,169.54328528175262,31.526916851645016,,4.12746
2001387556602514304,335.88999604174035,52.22821709978782,19.301389683336552,4.1309433
1357126587985743104,248.5256674650253,42.43720619729277,10.856003592235812,4.132682
4678664766393829504,64.1205345994243,-59.30290021818768,54.22863060384525,4.134786
3117007476387801216,94.99828976992926,-2.944485599254175,6.52817407737921,4.1348667
594595517273147648,129.41372353647762,5.703754203252759,18.430135068748182,4.136101
754644862217132160,156.9702409930959,36.70679362306408,,4.139052
944939847899350784,99.13682410093567,38.445417469878024,2.0387256186369243,4.140064
143293685388561664,42.64718912701181,38.31815668247095,25.844516228361115,4.1400833
3110959269077522816,107.96608069087159,-0.4927431185499252,7.876772202912782,4.140848
2822360934488981248,358.1219996861925,19.120129645910083,6.962619381161036,4.1408978
3263836568394170880,54.21723179468776,0.3995245948754849,71.83697877936342,4.1410933
3352697277091090688,100.99702771797898,13.227767550614903,10.381568592567856,4.142492
6171375049483037696,206.41939924808514,-33.044368166381204,51.90738085981107,4.144167
2430911155499204864,3.6153971443598576,-7.7804821892488185,5.490709797748934,4.1474133
1926476042681491712,355.10261265459525,44.3338484709246,19.406389143201842,4.147998
3618198617586733312,205.40279836980616,-8.702807904767596,5.4376460613149895,4.148621
1387349379494809600,231.1217925864527,37.37755402807135,26.575915380636612,4.1502557
2803727064255015424,14.30145952711795,23.417448895424197,12.562377335224449,4.152097
3235349837027282560,78.3228576353283,2.8612556511130616,13.329032820170259,4.15373
21859669845327488,41.236830226139006,10.113961719979088,37.5923954771885,4.1537447
4432032213656433536,247.72826662804087,1.9836115653068922,,4.15409
5498380887112159488,102.46378935634195,-53.62236707333235,5.426057876426029,4.1550827
2517584007848935808,30.511904676677545,2.7637593166659924,,4.155459
3463822649562256256,177.16337671844383,-35.98695542387617,4.705486688255529,4.156404
5998676819707873408,241.6479992105244,-36.802413825718396,7.368508935965101,4.1565685
1899238700121170944,332.4967815408398,33.17813168894966,11.19900191063106,4.1570067
3162840378069441024,112.44909255645561,12.006478158198602,5.5409286072712485,4.1581807
2016497560778585600,351.2095352302913,62.28276036468802,3.8932829887687177,4.1590085
6622561673163882752,340.1640600446938,-27.043622350026016,5.921936664254218,4.161008
2384241010068307712,346.67049822468647,-23.743141949241107,17.289160240041024,4.1641397
2243479676058593152,307.3957792036708,62.99404854026289,23.4810376608742,4.1649013
2123558588515416320,275.3859333049117,49.1218190294722,4.908845924800492,4.1651783
6631708338599353856,283.0542904873621,-62.18765029329833,2.972641631982488,4.165446
145674574739951872,66.34285323849276,22.29367359328652,20.91185281250576,4.167236
5787534436419552896,184.5857987558318,-79.31218335228661,10.711576077046917,4.1674447
1505311446553172992,214.0947072134731,46.089012341251085,32.5884923592116,4.1690445
207274026495027712,79.56551852719764,42.79197517530932,5.483477146344811,4.1710677
1824277055360974720,295.02420100421784,18.01380056331931,7.63529982115143,4.1711555
491055881678884224,51.168947658481336,64.58599364600056,1.6384853308801626,4.171272
3126448158102337920,101.96512252574546,2.4121056302134387,8.274389940121798,4.171695
4767368897757788288,87.45757439869,-56.166989810338,17.576357682340994,4.1727095
65205373152172032,56.58167144917715,23.94814381017594,7.067028703633884,4.172742
3098523380258573952,101.90506561465706,-8.99849728806019,1.1020488653002771,4.173226
5518235833732209536,118.3256183569648,-48.10290774132125,1.5287829356529452,4.1740985
6664407333374099968,290.8053237276151,-44.80001780193633,23.361187758930622,4.178862
1965171945678382208,319.35396891172644,39.39466369242246,1.1710697963225662,4.179437
3793247534517512064,172.57880932682505,-3.0035714740208967,6.5891840841453755,4.1796565
3195919528989223040,63.80795300602079,-7.6680778150199815,199.6080124181338,4.179894
5064312731764645760,42.2730316128062,-32.40518931306872,18.459600445621458,4.1799207
6023633156682206720,247.8454978494852,-34.704449924330774,5.482075892949273,4.183035
1978185009394330240,326.6984114265637,49.309556757220584,2.2800572318611247,4.184846
4850012314870132096,54.27358548510602,-40.27470446688247,13.22846291231423,4.18645
4781833626056162688,64.00732824955732,-51.485829399691184,48.94939680185749,4.1875706
6097035006749154432,210.43130998979814,-45.6034888244856,4.905623653562842,4.1875863
2250211573437245568,305.02526328112157,68.88043625204803,4.6727616396313945,4.187609
4529690183608965504,275.07473164766884,21.961030084548458,8.34355072088839,4.187761
5440991156144997504,158.80336427160702,-39.56257836426491,3.6154003389214076,4.187924
2402154975062755584,340.89665247139254,-18.830500460590585,7.93621197367522,4.189073
1386158505321789696,242.19224169754472,44.935069860399565,13.575070466567965,4.1901174
6665511449204071424,301.84637872842717,-52.88074241205903,4.357907475723342,4.19161
4058689054864359552,261.838735867248,-29.86764800517026,29.116108317133303,4.191681
2300042917875540992,343.60848147600336,84.34628223826569,8.741768513793263,4.192744
4825052919883631616,76.10236314753045,-35.48316608514274,17.591151769321872,4.194447
6100296776715953920,222.90943499341998,-43.575470036956304,,4.195675
5519266900766220800,122.37211545208517,-47.3452393935982,2.6051958137295665,4.196464
128855517166594048,41.978024427837525,29.24656343803326,19.038950218744798,4.197216
309966797615673856,17.915448478226075,30.08951923458857,18.965310858421024,4.1980224
2781184739422799232,11.63717736920927,15.475287950808289,4.56624304290991,4.1993756
4323764712422936704,246.75595634185794,-18.45634913732047,6.540214139318613,4.1996417
4939205900704478592,36.74646913494038,-47.703866097379695,6.20522299818747,4.201355
2678143182592080768,337.2086733208406,-0.019817740290968805,,4.2029405
6375513882989561472,318.3359906316328,-70.12635078549926,2.4875099708447252,4.2036533
5158225936898617344,41.03057723710541,-13.858793576751978,8.402240512412622,4.205342
4161585441691080448,265.35330605241717,-12.875551136885944,20.466459696134443,4.2055626
6099302577683627520,216.54514291566989,-45.379301065246395,,4.2070627
6140482586674352128,193.3594812883859,-40.17900527440943,21.915987051507496,4.2079964
3526420114274019456,188.0156449228337,-16.196264029437497,54.81347232361327,4.2095566
1531136019754825600,193.73538377865802,47.19668749848795,4.172469409988188,4.2112246
6244910765107054848,246.02561968942842,-20.037526178936613,16.820369821975802,4.212595
482818271843093376,73.51254990847781,66.34270799687302,0.591571207421435,4.2128644
1460876573902483328,196.79487934028714,27.624428561334327,8.598944925099353,4.2129993
3851460524814895744,144.6129672839531,4.649066398035406,10.335831777206447,4.2132688
604789257076233728,134.62187576864704,11.857541914460326,18.330438198147043,4.2149053
1985889115564260224,344.10832216302356,49.73353177685781,1.4018111325391363,4.216367
1264797229346287744,225.52709382040135,25.007920217999224,8.527055622578558,4.218185
2988329637719192960,79.89385682650418,-13.17679073992929,3.3378208786274657,4.218469
6054346605287699968,180.75473957301676,-63.312900420844265,14.587790943945574,4.220316
1092230803512999424,130.05279074554068,64.3280541536806,13.203483843456517,4.222566
6081542475600377472,196.72747704035422,-49.906303345686254,6.796192761993987,4.224331
3661266384967451520,210.41171678554417,1.5444346349409728,14.383076220988464,4.224652
4878920537149380992,68.37671358275222,-29.767701010183607,26.028870060372164,4.224946
145727729255780736,66.57745017375387,22.813375430212513,21.748573788189415,4.228601
5671793318423471616,148.71730539632327,-19.009518661022422,5.678851190129705,4.2286124
1799315152104585856,326.1615274031845,25.645086618873133,,4.228839
2098074279806975488,279.5270174902829,39.66836302692522,2.398640514974727,4.2299094
4459409469075689216,248.15040614331562,11.487689050289838,8.952336703856218,4.2325697
6797890896841285376,306.97992244032434,-28.260999205157145,5.38923093604521,4.232796
2272649822619848064,325.48200314844524,71.31187298142444,18.18084592982094,4.234787
2186410658887682432,303.34994008936434,56.56808503876221,21.359002269093875,4.2358556
247637579387146368,61.645918626664646,50.351100087356684,7.525917307861522,4.236291
6413081274731392256,329.47986679144515,-54.99259895540606,21.22153377386448,4.239373
1274286186493145728,233.23231580514917,31.359077716624654,8.213929809506274,4.23958
3399063235755057792,88.59482419468164,20.275852148021837,114.94966074779107,4.241686
6719649408908407680,272.8072180366591,-45.95458111412645,8.04047603364496,4.2428656
5411300287757211392,147.91928896802708,-46.54757644891731,3.6856944489950463,4.243141
3182891931108590336,77.2866079914086,-8.754093892653277,3.625643135607145,4.243453
4547506223341987072,260.0786660130932,18.05682752424195,7.103875694895382,4.244999
4430238051199001216,236.60988904592512,7.352758689332476,83.921443569609,4.246856
5181749610217581440,46.63959314752102,-6.088596617737218,5.607398283907506,4.2472777
6717240825593666304,287.087650698354,-40.49681907270744,17.658154624227567,4.2492065
4856903813234975744,55.70805211688607,-37.31382933112817,18.537867489901352,4.2501106
191419859094194816,87.29332785167465,39.18096092052109,15.54855601736708,4.2502503
2612171866450404992,331.609473816884,-13.86993196356307,15.494008085988549,4.250913
6895103083539482496,317.3989590718655,-11.371759260894493,20.084233986479735,4.2510796
1195189725172268288,234.11741103621924,15.101475443102268,4.56284659121894,4.2511034
3306483944378137088,69.53990118480833,12.510770912489667,22.030957747168554,4.253432
1925644949328127488,354.5343337368374,43.26806751702891,6.431315844137457,4.2537193
5799008222524417408,228.5799492166758,-70.07951325995495,2.8588468729259113,4.253746
22745910577134848,37.0399300386071,8.46004005983054,,4.2553577
4225681162758186240,309.1818533039196,-2.550023156942345,4.082471093416612,4.2557206
4351747145908107648,246.93107398026117,-7.598612097215736,5.840739020989461,4.255892
5100353485969674880,53.4471968241054,-21.633007479525386,10.191298516763675,4.2564692
2839853133694170880,351.3458577723543,23.404261624701185,18.706109629965475,4.2580924
3299306676068154752,63.8836641862082,8.892257670241154,6.446277963124443,4.259019
2232894437098037888,346.97450729404824,75.38736050537292,12.145783262659629,4.2604837
65296907494549120,56.302162856141784,24.46706395730414,9.544445082693732,4.2610216
5620520617327833216,135.0222934570892,-41.253378557616124,15.145961819632193,4.2614346
4660016396371388672,86.1928934804897,-65.73547602893706,21.871977919129183,4.2614965
6434564460631076864,284.23752678628426,-67.23342348412878,5.2450901461131965,4.262779
6601750220152445440,337.87668566970035,-32.34615910715257,22.08361658789664,4.263408
4050817990273288064,272.0208681502805,-28.457233171354165,9.471847021747825,4.265147
2924859847973986048,97.96400994106081,-23.418394841586725,2.1660237512142166,4.2663584
4365395040146977408,255.26482749618566,-4.222992534469679,8.927354861826064,4.2677264
3079329274484276480,130.80606318026602,3.398657817247665,6.385155800837783,4.2679243
1707399209837352064,236.01507917362505,77.79448391626615,9.082743608731574,4.2679734
6828451375858909568,322.1814818408201,-21.80720419585208,17.470428408293976,4.2684655
5032256161014732416,14.651598785584167,-29.35743084547439,4.622407535077458,4.268622
2156134953382133632,282.8010834546287,59.38846716344117,9.570863241337445,4.268622
6696934666893316736,300.88979842444206,-37.94106699255091,8.186683441937637,4.2689137
5892368991819163136,215.08135204528145,-56.38652901387441,2.251065262457423,4.271601
5229179105872769408,157.75846840063642,-73.22145815267073,2.5906160296641265,4.271682
1934658092817644928,343.0091427996259,43.31252242122297,9.301247317327196,4.2724085
6075953898506794496,184.7484102828588,-55.14304955965115,6.889910748570843,4.2731857
1152025922322662656,115.12380824413003,87.0199584907372,6.151778617800259,4.274878
351761949008224512,33.30539085961294,44.231591625229775,,4.276864
6884392672053507712,318.93695277712925,-15.171482387865588,4.631565300635339,4.2773185
4596693872444055680,269.6256162368908,30.189291231004724,4.747657078603249,4.2779837
4976326547130178176,10.331399739872353,-46.0849924155156,14.284688797679694,4.2804055
198271397081746560,73.15811133967404,36.70317157551368,5.297768573092824,4.280531
3188462022653817472,73.22353884170033,-5.452584502474133,14.935419827443406,4.2812915
6245697981070158080,242.99885595280662,-19.460815946757542,7.0567511406859245,4.2813463
5616537017987940736,109.67701191823133,-24.954363523193937,0.5764975612258223,4.282144
2760111774444956288,355.8431832495004,10.331588646881482,5.088238034927769,4.282568
719103698606421888,136.6322124987915,38.452148473031684,4.62534777979512,4.284234
411601907281189504,17.777433589034587,55.1498128843095,23.884435517084235,4.288004
6630558558672843392,272.1452571654302,-63.66941131779262,24.36165521954371,4.289329
671619021218304640,116.530669625217,18.509768411353402,10.508646623110893,4.289497
2812640598863547264,352.2890222875733,12.760675896055872,17.194188507151328,4.2902794
4115142207982341504,260.2528256191622,-21.113836771487914,57.082026982302544,4.290967
3197763169471183488,68.54834917659933,-8.231333153608327,4.219951406179517,4.292685
3134103267293244416,101.83251606752333,8.037203392130476,6.378310577804334,4.2939324
5864836602250358528,201.00231056017168,-64.53576464230589,12.891945623475184,4.29425
3314063977537054208,66.3729376285106,17.927768735352878,21.086509524006694,4.295662
4141650196336522752,260.20712853781777,-12.846869374874107,15.979505765352085,4.2963223
798883781282661248,143.55579627904467,36.397457046512834,17.07380535204929,4.297111
5302503371669042688,130.15422888445784,-59.76098171605692,1.8023100180053184,4.297206
6861481701590665984,310.0121615926549,-18.138755944055166,5.171924705502732,4.2984753
5290818758516639104,119.9063897425201,-60.587012750445204,2.2335487872596307,4.2988462
5504850447891220992,105.21436937243438,-51.402496442687614,4.3904550603083,4.2988853
5409223585178017152,144.20553417462855,-49.35483376770194,30.631907201506795,4.2990227
2072979060791869568,297.64171395867913,38.7228856833424,4.570987853963305,4.2994523
3676091134604409728,189.8111824278454,-7.9956734410311885,10.352648623779038,4.300346
5333141675530343936,177.42089229652078,-63.788460161353285,4.595664672791638,4.3004665
6482637342379564416,312.37093069373157,-46.226710517266035,7.249722037968484,4.3030252
238798433608754816,47.82228318257263,39.6116005556922,10.546026772528428,4.303629
2887631548188825600,89.38419413169026,-35.28323557408734,3.091816411539489,4.30405
364936228611467520,9.220292219628776,33.71932837128248,5.656262946449773,4.30468
4044222883404244736,269.7720187345046,-30.253062691826745,1.3150938995532506,4.3048916
5619121248267202688,113.51305933466953,-22.295859581656373,38.137893650882255,4.30543
4238245591376160768,294.18031742159945,-1.2866958118950973,5.667265114591393,4.306137
6110115278109271808,211.51139315781728,-41.17972197961865,6.488206301970395,4.30829
1790986901279212672,322.24922183429834,22.17946444726852,3.912093489354942,4.308809
6541802406664428672,346.719415253801,-43.52041348242113,25.208836182094913,4.309135
1185648953539868800,220.28747117214803,13.728269398032097,,4.310509
4512265810537057664,281.7556053210387,18.182027709302517,34.998748633555714,4.3116574
4501903772425258752,270.0142017503803,16.75086939770987,4.304313841910277,4.3138337
3337904172766584064,83.7051701225373,9.489575300160894,2.6736954938274646,4.3139844
5044368071868204160,44.568054513155744,-40.30462235988498,19.526953780935603,4.3152275
2950869585804006656,99.8196865986581,-14.145791459248672,3.1086159925314516,4.315678
6591574171318785664,326.23687217868667,-33.02620089292468,15.334646486948524,4.3158436
6316829270922140032,233.54598102027182,-10.065575353737525,34.36081942983319,4.316157
2096875399817444736,281.1932967031989,37.60520976091957,20.66319939662834,4.3164573
5709177126086079104,129.97309911775505,-17.30366147994489,6.158752559126149,4.317508
919880637870448640,116.66382607948331,37.51745337223508,8.245193294309276,4.3180504
2843604151972891904,346.77807767299686,25.468129708098104,5.177790647028164,4.3181577
2444348733779214976,1.3338680188251018,-5.707222966713746,23.515167887366733,4.318301
5394951821153092864,164.17979302441142,-37.13832049306377,15.713189973044852,4.3193483
2218144110660778368,330.9498703431263,64.6283669591411,32.1200261538732,4.3197494
4908022136034353152,10.838426217030054,-57.463011819347656,12.461432159096473,4.3210692
1724851173788449536,263.05490751446143,86.58669984133707,17.880210502627126,4.3210907
2190258605992864896,311.3375057842007,57.57867088856138,35.23373573308592,4.32131
146483849657244928,70.56126220749623,22.956827136792597,8.231040238855318,4.3216267
1071133340038904320,143.61942231458804,69.83068385576529,31.154597632120353,4.322646
6412595290592307840,330.8724078795965,-56.79725466122902,274.8431415216296,4.322904
1714135092946125184,212.2115570054954,77.54765793580734,4.317974600782231,4.3238397
2642348753350368768,358.6940873491927,0.10924984383159136,5.535191809803136,4.324624
5501284972198817536,98.74402761716749,-52.97556197948061,1.923474381363655,4.3258247
4447348307551626624,253.5017194336191,10.165206239842995,13.187038309111976,4.326058
198558953732674816,72.4774475737337,37.488453737740706,7.1331272162887105,4.326641
4057701830728920064,266.89007492146686,-27.830834617754377,2.8057114280856257,4.327284
1762513222314906752,310.86462803135805,15.074387647430187,14.780897979213847,4.329188
3315870440783129600,88.11013009741379,1.8551024303849013,2.542363555105165,4.3293777
5218900665015560064,136.2865868227313,-72.60272892331444,8.403856930513019,4.3295054
4900927434176620160,7.886938172552418,-62.95846123879345,22.8384130501729,4.3299294
5129338021224785408,41.277321981998256,-18.572408740298428,70.0458650896813,4.3308682
4640087816818486528,42.618003751913996,-75.0670648776236,9.457018078039441,4.331589
5389799921983524864,165.03873936400242,-42.22584092354663,16.201123245797707,4.33338
4528147293916651776,272.1895398368398,20.814527882285596,2.8035935346765757,4.334155
2696225097987563136,331.42025109697937,5.058980899864561,12.437911186605378,4.3352814
450113435913489792,52.478079028412495,58.878746215239254,0.9302612032005914,4.3358145
4091210409716888704,276.3376932811808,-20.54179149653547,6.783258479422565,4.336602
1985791121590368640,346.0469090829516,50.052835828247595,17.262907944371435,4.337494
582791194797052416,132.10812687512194,5.837681582911936,10.443106035376083,4.3399606
1234775751543356928,221.30997540798023,16.96404317675555,12.681361451087424,4.3405294
5241038575754368896,166.63474912463454,-62.42407286277583,8.50661938271769,4.341425
4532952022299038976,283.68705243333216,22.64508121313681,7.550067093180743,4.341644
3289827339649866880,72.65301717691803,8.900050277516753,14.905823589304033,4.3418336
1284257623084916480,218.67103773973483,29.745711934026136,63.46786677026886,4.341964
6698248823807700992,299.9341117143642,-35.276419550465846,4.862214308039741,4.3421016
6722114239093474048,278.3759666578984,-42.31260126945458,6.167325841425827,4.342406
4756622820871136640,88.52668206109783,-63.08733521413005,36.59805980354583,4.344005
425940947659705600,14.165468052948397,59.18085526702047,16.646493230199713,4.345562
2565225915399877760,22.547614365034757,6.1436182090319225,9.31838134934261,4.3468328
6269720523431409536,215.7730408855676,-27.754537676794513,19.059316416981297,4.3472896
6538585991555664128,353.2432610362609,-37.81817781321421,17.805694791190575,4.3475127
671137503843195392,114.86916409899563,17.67451650749862,5.108260080960104,4.3481183
1845660598015820800,313.0316600569499,27.096693018018193,14.706423990303312,4.3485847
390548351252549760,11.181443815216312,48.28432996662515,0.5116474850853595,4.3494897
2512513678696855936,28.389049627315874,3.1876442651106647,16.66406215539382,4.350665
4815660547961306112,70.13963424554842,-41.86408761019901,49.062048531816515,4.3509507
